-- OWNER 데이터 삽입
INSERT INTO owner (id,
                   profile_image,
                   bz_name,
                   age,
                   phone_number,
                   bz_number,
                   bank_account,
                   user_role,
                   email,
                   name,
                   social_id,
                   social_provider,
                   created_at,
                   updated_at)
VALUES (5, 'https://cdn.example.com/owner1.jpg', '청담 뷰티샵', 35, '010-1234-5678', '111-22-33333',
        '110-123-456789', 'OWNER',
        'owner1@example.com', '홍길동', 'social-123', 'KAKAO', NOW(), NOW()),

       (6, 'https://cdn.example.com/owner2.jpg', '서초 메이크업 스튜디오', 32, '010-2345-6789',
        '222-33-44444', '110-987-654321', 'OWNER',
        'owner2@example.com', '김서연', 'social-456', 'GOOGLE', NOW(), NOW()),

       (7, 'https://cdn.example.com/owner3.jpg', '송파 뷰티살롱', 29, '010-3456-7890', '333-44-55555',
        '110-555-666777', 'OWNER',
        'owner3@example.com', '박지훈', 'social-789', 'NAVER', NOW(), NOW()),

       (8, 'https://cdn.example.com/owner4.jpg', '해운대 스타일', 40, '010-4567-8901', '444-55-66666',
        '110-111-222333', 'OWNER',
        'owner4@example.com', '정유진', 'social-101', 'KAKAO', NOW(), NOW()),

       (9, 'https://cdn.example.com/owner5.jpg', '수영구 메이크업', 37, '010-5678-9012', '555-66-77777',
        '110-888-999000', 'OWNER',
        'owner5@example.com', '최현우', 'social-202', 'GOOGLE', NOW(), NOW());


-- 💍 DRESS MOCK DATA (총 20개)
INSERT INTO product (id, owner_id, product_type, category, price, address, detail, star_count,
                     average_rating, name, created_at, updated_at, available_times, region)
VALUES (101, 5, 'DRESS', 'DRESS', 300000, '서울 강남구 청담동', '우아한 A라인 웨딩드레스', 4.8, 52,
        'Elegant A-line Dress', NOW(), NOW(), '10:00, 13:00, 16:00', 'SEOUL'),
       (102, 5, 'DRESS', 'DRESS', 280000, '서울 서초구 반포동', '러블리한 공주풍 드레스', 4.5, 47,
        'Princess Romantic Dress', NOW(), NOW(), '09:00, 11:00, 15:00', 'SEOUL'),
       (103, 6, 'DRESS', 'DRESS', 350000, '서울 송파구 잠실동', '모던한 실루엣의 드레스', 4.9, 55,
        'Modern Silhouette Dress', NOW(), NOW(), '09:30, 12:30, 15:30', 'SEOUL'),
       (104, 6, 'DRESS', 'DRESS', 270000, '서울 강동구 천호동', '섬세한 레이스 장식 드레스', 4.7, 50,
        'Lace Classic Dress', NOW(), NOW(), '10:00, 13:00, 16:00', 'SEOUL'),
       (105, 7, 'DRESS', 'DRESS', 220000, '부산 해운대구 중동', '해변 촬영용 시원한 드레스', 4.6, 43,
        'Beach Wedding Dress', NOW(), NOW(), '09:00, 12:00, 15:00', 'BUSAN'),
       (106, 7, 'DRESS', 'DRESS', 250000, '부산 수영구 광안동', '실내 스튜디오용 화이트 드레스', 4.4, 40,
        'Studio White Dress', NOW(), NOW(), '10:00, 13:00, 17:00', 'BUSAN'),
       (107, 8, 'DRESS', 'DRESS', 320000, '서울 마포구 서교동', '빈티지풍 실크 드레스', 4.8, 49,
        'Vintage Silk Dress', NOW(), NOW(), '09:00, 11:00, 14:00', 'SEOUL'),
       (108, 8, 'DRESS', 'DRESS', 260000, '서울 영등포구 문래동', '심플한 미니멀 스타일', 4.5, 44,
        'Minimal Modern Dress', NOW(), NOW(), '10:00, 13:00, 15:30', 'SEOUL'),
       (109, 9, 'DRESS', 'DRESS', 290000, '서울 용산구 이태원동', '럭셔리 라인 실크 드레스', 4.9, 51,
        'Luxury Silk Dress', NOW(), NOW(), '09:00, 12:00, 15:00', 'SEOUL'),
       (110, 9, 'DRESS', 'DRESS', 310000, '서울 종로구 삼청동', '엔틱풍 클래식 웨딩드레스', 4.7, 46,
        'Antique Classic Dress', NOW(), NOW(), '09:30, 13:30, 16:00', 'SEOUL'),
       (111, 5, 'DRESS', 'DRESS', 330000, '서울 강남구 신사동', '파스텔톤 드레스', 4.8, 48, 'Pastel Grace Dress',
        NOW(), NOW(), '10:00, 12:00, 15:00', 'SEOUL'),
       (112, 5, 'DRESS', 'DRESS', 210000, '서울 강서구 화곡동', '세련된 오프숄더 드레스', 4.6, 41,
        'Off-Shoulder Elegant Dress', NOW(), NOW(), '09:30, 12:30, 15:30', 'SEOUL'),
       (113, 6, 'DRESS', 'DRESS', 260000, '서울 광진구 구의동', '봄 웨딩 시즌 전용 드레스', 4.7, 44,
        'Spring Season Dress', NOW(), NOW(), '09:00, 11:00, 14:00', 'SEOUL'),
       (114, 6, 'DRESS', 'DRESS', 200000, '서울 중구 명동', '심플하고 가벼운 드레스', 4.3, 39, 'Simple Light Dress',
        NOW(), NOW(), '10:00, 13:00, 16:00', 'SEOUL'),
       (115, 7, 'DRESS', 'DRESS', 190000, '부산 동래구 명륜동', '촬영용 미니 드레스', 4.2, 36, 'Mini Photo Dress',
        NOW(), NOW(), '09:00, 12:00, 15:00', 'BUSAN'),
       (116, 7, 'DRESS', 'DRESS', 280000, '부산 남구 대연동', '레드카펫 스타일 드레스', 4.5, 42, 'Red Carpet Dress',
        NOW(), NOW(), '10:00, 13:00, 17:00', 'BUSAN'),
       (117, 8, 'DRESS', 'DRESS', 260000, '서울 동대문구 용두동', '단아한 한복풍 드레스', 4.4, 38,
        'Hanbok Inspired Dress', NOW(), NOW(), '09:30, 12:30, 15:30', 'SEOUL'),
       (118, 8, 'DRESS', 'DRESS', 310000, '서울 서대문구 홍제동', '고급 자수 드레스', 4.9, 54,
        'Embroidered Premium Dress', NOW(), NOW(), '10:00, 12:00, 15:00', 'SEOUL'),
       (119, 9, 'DRESS', 'DRESS', 240000, '서울 강북구 미아동', '심플한 H라인 드레스', 4.6, 40,
        'Simple H-Line Dress', NOW(), NOW(), '09:00, 11:00, 14:00', 'SEOUL'),
       (120, 9, 'DRESS', 'DRESS', 350000, '서울 은평구 불광동', '트렌디한 셀럽 스타일', 4.9, 57,
        'Celebrity Trend Dress', NOW(), NOW(), '09:30, 12:30, 15:30', 'SEOUL');
INSERT INTO dress (id)
VALUES (101),
       (102),
       (103),
       (104),
       (105),
       (106),
       (107),
       (108),
       (109),
       (110),
       (111),
       (112),
       (113),
       (114),
       (115),
       (116),
       (117),
       (118),
       (119),
       (120);
INSERT INTO tags (product_id, name)
VALUES (101, 'SILK'),
       (101, 'CEREMONY'),
       (102, 'LACE'),
       (102, 'SHOOTING'),
       (103, 'DOMESTIC'),
       (103, 'CEREMONY'),
       (104, 'LACE'),
       (104, 'DOMESTIC_AND_IMPORTED'),
       (105, 'SHOOTING'),
       (105, 'DOMESTIC'),
       (106, 'SHOOTING'),
       (106, 'CEREMONY'),
       (107, 'SILK'),
       (107, 'IMPORTED'),
       (108, 'DOMESTIC'),
       (108, 'SHOOTING_AND_CEREMONY'),
       (109, 'SILK'),
       (109, 'IMPORTED'),
       (110, 'LACE'),
       (110, 'CEREMONY'),
       (111, 'DOMESTIC_AND_IMPORTED'),
       (111, 'CEREMONY'),
       (112, 'DOMESTIC'),
       (112, 'SHOOTING'),
       (113, 'SHOOTING_AND_CEREMONY'),
       (114, 'DOMESTIC'),
       (115, 'SHOOTING'),
       (116, 'IMPORTED'),
       (116, 'CEREMONY'),
       (117, 'DOMESTIC'),
       (118, 'BEADS'),
       (118, 'CEREMONY'),
       (119, 'DOMESTIC'),
       (120, 'IMPORTED'),
       (120, 'CEREMONY');

INSERT INTO product (id, owner_id, product_type, category, price, address, detail, star_count,
                     average_rating, name, created_at, updated_at, available_times, region)
VALUES (201, 5, 'MAKEUP', 'MAKEUP', 150000, '서울 강남구 논현동', '내추럴 촬영용 메이크업', 4.6, 42,
        'Natural Shooting Makeup', NOW(), NOW(), '09:00, 11:00, 14:00', 'SEOUL'),
       (202, 5, 'MAKEUP', 'MAKEUP', 180000, '서울 서초구 반포동', '본식 전용 메이크업', 4.8, 49,
        'Bridal Ceremony Makeup', NOW(), NOW(), '09:30, 12:30, 15:30', 'SEOUL'),
       (203, 6, 'MAKEUP', 'MAKEUP', 200000, '서울 송파구 잠실동', '감독급 아티스트 메이크업', 4.9, 51,
        'Director Premium Makeup', NOW(), NOW(), '09:00, 12:00, 15:00', 'SEOUL'),
       (204, 6, 'MAKEUP', 'MAKEUP', 130000, '부산 해운대구 우동', '밝고 깨끗한 이미지 연출', 4.5, 43,
        'Clean Bright Makeup', NOW(), NOW(), '09:30, 12:30, 15:30', 'BUSAN'),
       (205, 7, 'MAKEUP', 'MAKEUP', 140000, '부산 수영구 남천동', '입체감 있는 컨투어 메이크업', 4.7, 47,
        'Contour Shadow Makeup', NOW(), NOW(), '10:00, 13:00, 16:00', 'BUSAN'),
       (206, 8, 'MAKEUP', 'MAKEUP', 160000, '서울 마포구 합정동', '과즙상 메이크업', 4.4, 41, 'Fruity Tone Makeup',
        NOW(), NOW(), '09:00, 11:00, 14:00', 'SEOUL'),
       (207, 8, 'MAKEUP', 'MAKEUP', 175000, '서울 영등포구 여의도동', '부드러운 분위기의 촬영+본식용', 4.6, 45,
        'Dual Shooting & Ceremony', NOW(), NOW(), '09:00, 12:00, 15:00', 'SEOUL'),
       (208, 9, 'MAKEUP', 'MAKEUP', 190000, '서울 종로구 삼청동', '팀장급 메이크업', 4.8, 48, 'Team Leader Makeup',
        NOW(), NOW(), '09:30, 12:30, 15:30', 'SEOUL'),
       (209, 9, 'MAKEUP', 'MAKEUP', 155000, '서울 용산구 한남동', '차분한 분위기의 본식 메이크업', 4.7, 44,
        'Calm Ceremony Makeup', NOW(), NOW(), '09:00, 11:00, 14:00', 'SEOUL'),
       (210, 9, 'MAKEUP', 'MAKEUP', 200000, '서울 중구 을지로동', '감독/부원장급 스페셜', 4.9, 50,
        'Executive Director Makeup', NOW(), NOW(), '10:00, 13:00, 16:00', 'SEOUL');
INSERT INTO makeup (id)
VALUES (201),
       (202),
       (203),
       (204),
       (205),
       (206),
       (207),
       (208),
       (209),
       (210);

INSERT INTO product (id, owner_id, product_type, category, price, address, detail, star_count,
                     average_rating, name, created_at, updated_at, available_times, region)
VALUES (301, 5, 'STUDIO', 'STUDIO', 500000, '서울 강남구 청담동', '인물 중심 프리미엄 스튜디오', 4.8, 53,
        'Portrait Focused Studio', NOW(), NOW(), '09:00, 12:00, 15:00', 'SEOUL'),
       (302, 5, 'STUDIO', 'STUDIO', 520000, '서울 서초구 반포동', '배경이 다양한 실내 스튜디오', 4.7, 49,
        'Varied Background Studio', NOW(), NOW(), '09:30, 12:30, 15:30', 'SEOUL'),
       (303, 6, 'STUDIO', 'STUDIO', 550000, '서울 송파구 잠실동', '인물과 배경을 조화시킨 촬영', 4.9, 55,
        'Portrait & Background Studio', NOW(), NOW(), '10:00, 13:00, 16:00', 'SEOUL'),
       (304, 6, 'STUDIO', 'STUDIO', 480000, '서울 강동구 천호동', '한옥 콘셉트 스튜디오', 4.6, 45,
        'Hanok Wedding Studio', NOW(), NOW(), '09:00, 12:00, 15:00', 'SEOUL'),
       (305, 7, 'STUDIO', 'STUDIO', 600000, '부산 해운대구', '야외 정원 배경 촬영', 4.7, 47,
        'Garden Wedding Studio', NOW(), NOW(), '10:00, 13:00, 17:00', 'BUSAN'),
       (306, 7, 'STUDIO', 'STUDIO', 650000, '부산 수영구 광안동', '야경 중심 스튜디오', 4.8, 50,
        'Night Scene Studio', NOW(), NOW(), '09:30, 12:30, 15:30', 'BUSAN'),
       (307, 8, 'STUDIO', 'STUDIO', 580000, '서울 마포구 서교동', '도로 위 컨셉 촬영', 4.5, 43,
        'Road Concept Studio', NOW(), NOW(), '09:00, 12:00, 15:00', 'SEOUL'),
       (308, 8, 'STUDIO', 'STUDIO', 700000, '서울 영등포구 문래동', '수중 촬영 스튜디오', 4.9, 55,
        'Underwater Studio', NOW(), NOW(), '09:00, 11:30, 14:30', 'SEOUL'),
       (309, 9, 'STUDIO', 'STUDIO', 620000, '서울 용산구 한남동', '반려동물과 함께 촬영 가능', 4.8, 52,
        'Pet Friendly Studio', NOW(), NOW(), '09:00, 11:00, 14:00', 'SEOUL'),
       (310, 9, 'STUDIO', 'STUDIO', 590000, '서울 종로구 인사동', '다양한 배경 촬영 패키지', 4.6, 46,
        'Varied Theme Studio', NOW(), NOW(), '10:00, 13:00, 16:00', 'SEOUL');
INSERT INTO studio (id)
VALUES (301),
       (302),
       (303),
       (304),
       (305),
       (306),
       (307),
       (308),
       (309),
       (310);

INSERT INTO tags (product_id, name)
VALUES (301, 'PORTRAIT_FOCUSED'),
       (302, 'VARIED_BACKGROUND'),
       (303, 'PORTRAIT_AND_BACKGROUND'),
       (304, 'HANOK'),
       (305, 'GARDEN'),
       (306, 'NIGHT'),
       (307, 'ROAD'),
       (308, 'UNDERWATER'),
       (309, 'PET_FRIENDLY'),
       (310, 'VARIED_BACKGROUND');

INSERT INTO tags (product_id, name)
VALUES (201, 'SHOOTING'),
       (201, 'CLEAN_AND_BRIGHT'),
       (202, 'CEREMONY'),
       (203, 'DIRECTOR_OR_CEO'),
       (204, 'CLEAN_AND_BRIGHT'),
       (205, 'CONTOUR_AND_SHADOW'),
       (206, 'FRUITY_TONE'),
       (207, 'SHOOTING_AND_CEREMONY'),
       (208, 'TEAM_LEADER_OR_DESIGNER'),
       (209, 'CEREMONY'),
       (210, 'DEPUTY_DIRECTOR');
INSERT INTO product (id, owner_id, product_type, category, price, address, detail, star_count,
                     average_rating, name, created_at, updated_at, available_times, region)
VALUES (401, 5, 'WEDDING_HALL', 'WEDDING_HALL', 1200000, '서울 강남구 청담동', '일반형 웨딩홀', 4.7, 49,
        'General Wedding Hall', NOW(), NOW(), '09:00, 12:00, 15:00', 'SEOUL'),
       (402, 5, 'WEDDING_HALL', 'WEDDING_HALL', 1500000, '서울 서초구 반포동', '컨벤션 스타일 웨딩홀', 4.8, 50,
        'Convention Hall', NOW(), NOW(), '10:00, 13:00, 16:00', 'SEOUL'),
       (403, 6, 'WEDDING_HALL', 'WEDDING_HALL', 2000000, '서울 송파구 잠실동', '호텔식 웨딩홀', 4.9, 55,
        'Hotel Wedding Hall', NOW(), NOW(), '09:00, 11:30, 14:30', 'SEOUL'),
       (404, 6, 'WEDDING_HALL', 'WEDDING_HALL', 1700000, '서울 강동구 천호동', '하우스 웨딩홀', 4.6, 47,
        'House Wedding Hall', NOW(), NOW(), '09:30, 12:30, 15:30', 'SEOUL'),
       (405, 7, 'WEDDING_HALL', 'WEDDING_HALL', 1300000, '부산 해운대구', '레스토랑 웨딩홀', 4.5, 44,
        'Restaurant Wedding Hall', NOW(), NOW(), '09:00, 12:00, 15:00', 'BUSAN'),
       (406, 7, 'WEDDING_HALL', 'WEDDING_HALL', 1400000, '부산 수영구 광안동', '한옥 전통 웨딩홀', 4.8, 52,
        'Hanok Wedding Hall', NOW(), NOW(), '10:00, 13:00, 16:00', 'BUSAN'),
       (407, 8, 'WEDDING_HALL', 'WEDDING_HALL', 1350000, '서울 마포구 서교동', '교회식 웨딩홀', 4.7, 46,
        'Church Wedding Hall', NOW(), NOW(), '09:30, 12:30, 15:30', 'SEOUL'),
       (408, 8, 'WEDDING_HALL', 'WEDDING_HALL', 1800000, '서울 영등포구 문래동', '채플 웨딩홀', 4.9, 54,
        'Chapel Wedding Hall', NOW(), NOW(), '09:00, 11:00, 14:00', 'SEOUL'),
       (409, 9, 'WEDDING_HALL', 'WEDDING_HALL', 1100000, '서울 용산구 한남동', '소규모 하우스 웨딩홀', 4.4, 40,
        'Small House Wedding Hall', NOW(), NOW(), '09:00, 12:00, 15:00', 'SEOUL'),
       (410, 9, 'WEDDING_HALL', 'WEDDING_HALL', 1900000, '서울 종로구 인사동', '야외 정원 웨딩홀', 4.9, 56,
        'Outdoor Garden Wedding Hall', NOW(), NOW(), '09:30, 12:30, 15:30', 'SEOUL');
INSERT INTO wedding_hall (id)
VALUES (401),
       (402),
       (403),
       (404),
       (405),
       (406),
       (407),
       (408),
       (409),
       (410);

INSERT INTO tags (product_id, name)
VALUES (401, 'GENERAL'),
       (402, 'CONVENTION'),
       (403, 'HOTEL'),
       (404, 'HOUSE'),
       (405, 'RESTAURANT'),
       (406, 'HANOK'),
       (407, 'CHURCH'),
       (408, 'CHAPEL'),
       (409, 'SMALL'),
       (410, 'OUTDOOR_GARDEN');
