-- OWNER 데이터 삽입
INSERT INTO owner (id,
                   profile_image,
                   bz_name,
                   phone_number,
                   bz_number,
                   bank_account,
                   user_role,
                   email,
                   name,
                   social_id,
                   social_provider,
                   created_at,
                   updated_at)
VALUES (5, 'https://cdn.example.com/owner1.jpg', '청담 뷰티샵', '010-1234-5678', '111-22-33333',
        '110-123-456789', 'OWNER',
        'owner1@example.com', '홍길동', 'social-123', 'KAKAO', NOW(), NOW()),

       (6, 'https://cdn.example.com/owner2.jpg', '서초 메이크업 스튜디오', '010-2345-6789',
        '222-33-44444', '110-987-654321', 'OWNER',
        'owner2@example.com', '김서연', 'social-456', 'GOOGLE', NOW(), NOW()),

       (7, 'https://cdn.example.com/owner3.jpg', '송파 뷰티살롱', '010-3456-7890', '333-44-55555',
        '110-555-666777', 'OWNER',
        'owner3@example.com', '박지훈', 'social-789', 'NAVER', NOW(), NOW()),

       (8, 'https://cdn.example.com/owner4.jpg', '해운대 스타일', '010-4567-8901', '444-55-66666',
        '110-111-222333', 'OWNER',
        'owner4@example.com', '정유진', 'social-101', 'KAKAO', NOW(), NOW()),

       (9, 'https://cdn.example.com/owner5.jpg', '수영구 메이크업', '010-5678-9012', '555-66-77777',
        '110-888-999000', 'OWNER',
        'owner5@example.com', '최현우', 'social-202', 'GOOGLE', NOW(), NOW()),
       (11,
        NULL,
        '웨딩픽',
        '010-1234-1234',
        '12341234',
        '농협 123412341234',
        'OWNER',
        'sojinee56@gmail.com',
        '하진',
        '4512155917',
        'KAKAO',
        '2025-11-12 13:01:10.706312',
        '2025-11-12 13:01:48.475545');

INSERT INTO customer (id,
                      name,
                      phone_number,
                      email,
                      social_id,
                      social_provider,
                      user_role,
                      is_deleted,
                      wedding_date,
                      created_at,
                      updated_at,
                      zip_code,
                      sido,
                      sigungu,
                      dong,
                      building_name,
                      address,
                      detail_address,
                      road_address,
                      jibun_address,
                      wedding_sido,
                      wedding_sigungu)
VALUES (1,
        '하진',
        '010-1234-1234',
        'sojinee56@gmail.com',
        '4512155917',
        'KAKAO',
        'CUSTOMER',
        FALSE,
        '2025-11-20',
        '2025-11-12 13:39:41.04218',
        '2025-11-12 13:40:05.108486',
        '52827',
        NULL,
        NULL,
        '가좌동',
        NULL,
        '경남 진주시 진주대로 502',
        '1층',
        '경남 진주시 진주대로 502',
        NULL,
        '서울특별시',
        '강남구');

-- 💍 DRESS MOCK DATA (총 20개)
INSERT INTO product (id, owner_id, product_type, category, price, address, detail, star_count,
                     average_rating, name, created_at, updated_at, available_times, region)
VALUES (101, 5, 'DRESS', 'DRESS', 300000, '서울 강남구 청담동', '우아한 A라인 웨딩드레스', 4.8, 52,
        'Elegant A-line Dress', NOW(), NOW(), '10:00, 13:00, 16:00', 'SEOUL'),
       (102, 5, 'DRESS', 'DRESS', 280000, '서울 서초구 반포동', '러블리한 공주풍 드레스', 4.5, 47,
        'Princess Romantic Dress', NOW(), NOW(), '09:00, 11:00, 15:00', 'SEOUL'),
       (103, 6, 'DRESS', 'DRESS', 350000, '서울 송파구 잠실동', '모던한 실루엣의 드레스', 4.9, 55,
        'Modern Silhouette Dress', NOW(), NOW(), '09:30, 12:30, 15:30', 'SEOUL'),
       (104, 6, 'DRESS', 'DRESS', 270000, '서울 강동구 천호동', '섬세한 레이스 장식 드레스', 4.7, 50,
        'Lace Classic Dress', NOW(), NOW(), '10:00, 13:00, 16:00', 'SEOUL'),
       (105, 7, 'DRESS', 'DRESS', 220000, '부산 해운대구 중동', '해변 촬영용 시원한 드레스', 4.6, 43,
        'Beach Wedding Dress', NOW(), NOW(), '09:00, 12:00, 15:00', 'BUSAN'),
       (106, 7, 'DRESS', 'DRESS', 250000, '부산 수영구 광안동', '실내 스튜디오용 화이트 드레스', 4.4, 40,
        'Studio White Dress', NOW(), NOW(), '10:00, 13:00, 17:00', 'BUSAN'),
       (107, 8, 'DRESS', 'DRESS', 320000, '서울 마포구 서교동', '빈티지풍 실크 드레스', 4.8, 49,
        'Vintage Silk Dress', NOW(), NOW(), '09:00, 11:00, 14:00', 'SEOUL'),
       (108, 8, 'DRESS', 'DRESS', 260000, '서울 영등포구 문래동', '심플한 미니멀 스타일', 4.5, 44,
        'Minimal Modern Dress', NOW(), NOW(), '10:00, 13:00, 15:30', 'SEOUL'),
       (109, 9, 'DRESS', 'DRESS', 290000, '서울 용산구 이태원동', '럭셔리 라인 실크 드레스', 4.9, 51,
        'Luxury Silk Dress', NOW(), NOW(), '09:00, 12:00, 15:00', 'SEOUL'),
       (110, 9, 'DRESS', 'DRESS', 310000, '서울 종로구 삼청동', '엔틱풍 클래식 웨딩드레스', 4.7, 46,
        'Antique Classic Dress', NOW(), NOW(), '09:30, 13:30, 16:00', 'SEOUL'),
       (111, 5, 'DRESS', 'DRESS', 330000, '서울 강남구 신사동', '파스텔톤 드레스', 4.8, 48, 'Pastel Grace Dress',
        NOW(), NOW(), '10:00, 12:00, 15:00', 'SEOUL'),
       (112, 5, 'DRESS', 'DRESS', 210000, '서울 강서구 화곡동', '세련된 오프숄더 드레스', 4.6, 41,
        'Off-Shoulder Elegant Dress', NOW(), NOW(), '09:30, 12:30, 15:30', 'SEOUL'),
       (113, 6, 'DRESS', 'DRESS', 260000, '서울 광진구 구의동', '봄 웨딩 시즌 전용 드레스', 4.7, 44,
        'Spring Season Dress', NOW(), NOW(), '09:00, 11:00, 14:00', 'SEOUL'),
       (114, 6, 'DRESS', 'DRESS', 200000, '서울 중구 명동', '심플하고 가벼운 드레스', 4.3, 39, 'Simple Light Dress',
        NOW(), NOW(), '10:00, 13:00, 16:00', 'SEOUL'),
       (115, 7, 'DRESS', 'DRESS', 190000, '부산 동래구 명륜동', '촬영용 미니 드레스', 4.2, 36, 'Mini Photo Dress',
        NOW(), NOW(), '09:00, 12:00, 15:00', 'BUSAN'),
       (116, 7, 'DRESS', 'DRESS', 280000, '부산 남구 대연동', '레드카펫 스타일 드레스', 4.5, 42, 'Red Carpet Dress',
        NOW(), NOW(), '10:00, 13:00, 17:00', 'BUSAN'),
       (117, 8, 'DRESS', 'DRESS', 260000, '서울 동대문구 용두동', '단아한 한복풍 드레스', 4.4, 38,
        'Hanbok Inspired Dress', NOW(), NOW(), '09:30, 12:30, 15:30', 'SEOUL'),
       (118, 8, 'DRESS', 'DRESS', 310000, '서울 서대문구 홍제동', '고급 자수 드레스', 4.9, 54,
        'Embroidered Premium Dress', NOW(), NOW(), '10:00, 12:00, 15:00', 'SEOUL'),
       (119, 9, 'DRESS', 'DRESS', 240000, '서울 강북구 미아동', '심플한 H라인 드레스', 4.6, 40,
        'Simple H-Line Dress', NOW(), NOW(), '09:00, 11:00, 14:00', 'SEOUL'),
       (120, 9, 'DRESS', 'DRESS', 350000, '서울 은평구 불광동', '트렌디한 셀럽 스타일', 4.9, 57,
        'Celebrity Trend Dress', NOW(), NOW(), '09:30, 12:30, 15:30', 'SEOUL'),
       (121, 11, 'DRESS', 'DRESS', 1800000, '경남 진주시 진주대로 502',
        '하진 웨딩픽 전용 A라인 드레스 세트. 깔끔하고 우아한 본식용 드레스.',
        4.9, 58, '웨딩드레스 A라인 세트', NOW(), NOW(), '10:00, 13:00, 16:00', 'SEOUL'),
       (122, 11, 'STUDIO', 'STUDIO', 1200000, '경남 진주시 진주대로 502',
        '자연광을 활용한 감성적인 웨딩 스냅 전용 스튜디오.',
        4.7, 53, '감성 스튜디오 촬영', NOW(), NOW(), '10:00, 13:00, 16:00', 'BUSAN');

INSERT INTO dress (id)
VALUES (101),
       (102),
       (103),
       (104),
       (105),
       (106),
       (107),
       (108),
       (109),
       (110),
       (111),
       (112),
       (113),
       (114),
       (115),
       (116),
       (117),
       (118),
       (119),
       (120),
       (121),
       (122);
INSERT INTO tags (product_id, name)
VALUES (101, 'SILK'),
       (101, 'CEREMONY'),
       (102, 'LACE'),
       (102, 'SHOOTING'),
       (103, 'DOMESTIC'),
       (103, 'CEREMONY'),
       (104, 'LACE'),
       (104, 'DOMESTIC_AND_IMPORTED'),
       (105, 'SHOOTING'),
       (105, 'DOMESTIC'),
       (106, 'SHOOTING'),
       (106, 'CEREMONY'),
       (107, 'SILK'),
       (107, 'IMPORTED'),
       (108, 'DOMESTIC'),
       (108, 'SHOOTING_AND_CEREMONY'),
       (109, 'SILK'),
       (109, 'IMPORTED'),
       (110, 'LACE'),
       (110, 'CEREMONY'),
       (111, 'DOMESTIC_AND_IMPORTED'),
       (111, 'CEREMONY'),
       (112, 'DOMESTIC'),
       (112, 'SHOOTING'),
       (113, 'SHOOTING_AND_CEREMONY'),
       (114, 'DOMESTIC'),
       (115, 'SHOOTING'),
       (116, 'IMPORTED'),
       (116, 'CEREMONY'),
       (117, 'DOMESTIC'),
       (118, 'BEADS'),
       (118, 'CEREMONY'),
       (119, 'DOMESTIC'),
       (120, 'IMPORTED'),
       (120, 'CEREMONY');

INSERT INTO product (id, owner_id, product_type, category, price, address, detail, star_count,
                     average_rating, name, created_at, updated_at, available_times, region)
VALUES (201, 5, 'MAKEUP', 'MAKEUP', 150000, '서울 강남구 논현동', '내추럴 촬영용 메이크업', 4.6, 42,
        'Natural Shooting Makeup', NOW(), NOW(), '09:00, 11:00, 14:00', 'SEOUL'),
       (202, 5, 'MAKEUP', 'MAKEUP', 180000, '서울 서초구 반포동', '본식 전용 메이크업', 4.8, 49,
        'Bridal Ceremony Makeup', NOW(), NOW(), '09:30, 12:30, 15:30', 'SEOUL'),
       (203, 6, 'MAKEUP', 'MAKEUP', 200000, '서울 송파구 잠실동', '감독급 아티스트 메이크업', 4.9, 51,
        'Director Premium Makeup', NOW(), NOW(), '09:00, 12:00, 15:00', 'SEOUL'),
       (204, 6, 'MAKEUP', 'MAKEUP', 130000, '부산 해운대구 우동', '밝고 깨끗한 이미지 연출', 4.5, 43,
        'Clean Bright Makeup', NOW(), NOW(), '09:30, 12:30, 15:30', 'BUSAN'),
       (205, 7, 'MAKEUP', 'MAKEUP', 140000, '부산 수영구 남천동', '입체감 있는 컨투어 메이크업', 4.7, 47,
        'Contour Shadow Makeup', NOW(), NOW(), '10:00, 13:00, 16:00', 'BUSAN'),
       (206, 8, 'MAKEUP', 'MAKEUP', 160000, '서울 마포구 합정동', '과즙상 메이크업', 4.4, 41, 'Fruity Tone Makeup',
        NOW(), NOW(), '09:00, 11:00, 14:00', 'SEOUL'),
       (207, 8, 'MAKEUP', 'MAKEUP', 175000, '서울 영등포구 여의도동', '부드러운 분위기의 촬영+본식용', 4.6, 45,
        'Dual Shooting & Ceremony', NOW(), NOW(), '09:00, 12:00, 15:00', 'SEOUL'),
       (208, 9, 'MAKEUP', 'MAKEUP', 190000, '서울 종로구 삼청동', '팀장급 메이크업', 4.8, 48, 'Team Leader Makeup',
        NOW(), NOW(), '09:30, 12:30, 15:30', 'SEOUL'),
       (209, 11, 'MAKEUP', 'MAKEUP', 155000, '서울 용산구 한남동', '차분한 분위기의 본식 메이크업', 4.7, 44,
        'Calm Ceremony Makeup', NOW(), NOW(), '09:00, 11:00, 14:00', 'SEOUL'),
       (210, 11, 'MAKEUP', 'MAKEUP', 200000, '서울 중구 을지로동', '감독/부원장급 스페셜', 4.9, 50,
        'Executive Director Makeup', NOW(), NOW(), '10:00, 13:00, 16:00', 'SEOUL');
INSERT INTO makeup (id)
VALUES (201),
       (202),
       (203),
       (204),
       (205),
       (206),
       (207),
       (208),
       (209),
       (210);

INSERT INTO product (id, owner_id, product_type, category, price, address, detail, star_count,
                     average_rating, name, created_at, updated_at, available_times, region)
VALUES (301, 5, 'STUDIO', 'STUDIO', 500000, '서울 강남구 청담동', '인물 중심 프리미엄 스튜디오', 4.8, 53,
        'Portrait Focused Studio', NOW(), NOW(), '09:00, 12:00, 15:00', 'SEOUL'),
       (302, 5, 'STUDIO', 'STUDIO', 520000, '서울 서초구 반포동', '배경이 다양한 실내 스튜디오', 4.7, 49,
        'Varied Background Studio', NOW(), NOW(), '09:30, 12:30, 15:30', 'SEOUL'),
       (303, 6, 'STUDIO', 'STUDIO', 550000, '서울 송파구 잠실동', '인물과 배경을 조화시킨 촬영', 4.9, 55,
        'Portrait & Background Studio', NOW(), NOW(), '10:00, 13:00, 16:00', 'SEOUL'),
       (304, 6, 'STUDIO', 'STUDIO', 480000, '서울 강동구 천호동', '한옥 콘셉트 스튜디오', 4.6, 45,
        'Hanok Wedding Studio', NOW(), NOW(), '09:00, 12:00, 15:00', 'SEOUL'),
       (305, 7, 'STUDIO', 'STUDIO', 600000, '부산 해운대구', '야외 정원 배경 촬영', 4.7, 47,
        'Garden Wedding Studio', NOW(), NOW(), '10:00, 13:00, 17:00', 'BUSAN'),
       (306, 7, 'STUDIO', 'STUDIO', 650000, '부산 수영구 광안동', '야경 중심 스튜디오', 4.8, 50,
        'Night Scene Studio', NOW(), NOW(), '09:30, 12:30, 15:30', 'BUSAN'),
       (307, 8, 'STUDIO', 'STUDIO', 580000, '서울 마포구 서교동', '도로 위 컨셉 촬영', 4.5, 43,
        'Road Concept Studio', NOW(), NOW(), '09:00, 12:00, 15:00', 'SEOUL'),
       (308, 8, 'STUDIO', 'STUDIO', 700000, '서울 영등포구 문래동', '수중 촬영 스튜디오', 4.9, 55,
        'Underwater Studio', NOW(), NOW(), '09:00, 11:30, 14:30', 'SEOUL'),
       (309, 9, 'STUDIO', 'STUDIO', 620000, '서울 용산구 한남동', '반려동물과 함께 촬영 가능', 4.8, 52,
        'Pet Friendly Studio', NOW(), NOW(), '09:00, 11:00, 14:00', 'SEOUL'),
       (310, 9, 'STUDIO', 'STUDIO', 590000, '서울 종로구 인사동', '다양한 배경 촬영 패키지', 4.6, 46,
        'Varied Theme Studio', NOW(), NOW(), '10:00, 13:00, 16:00', 'SEOUL'),
       (311, 11, 'MAKEUP', 'MAKEUP', 750000, '경남 진주시 진주대로 502',
        '자연스러운 윤광 베이스와 브라이덜 헤어 포함.',
        4.8, 55, '클래식 메이크업 패키지', NOW(), NOW(), '09:00, 11:00, 15:00', 'SEOUL');
INSERT INTO studio (id)
VALUES (301),
       (302),
       (303),
       (304),
       (305),
       (306),
       (307),
       (308),
       (309),
       (310),
       (311);

INSERT INTO tags (product_id, name)
VALUES (301, 'PORTRAIT_FOCUSED'),
       (302, 'VARIED_BACKGROUND'),
       (303, 'PORTRAIT_AND_BACKGROUND'),
       (304, 'HANOK'),
       (305, 'GARDEN'),
       (306, 'NIGHT'),
       (307, 'ROAD'),
       (308, 'UNDERWATER'),
       (309, 'PET_FRIENDLY'),
       (310, 'VARIED_BACKGROUND');

INSERT INTO tags (product_id, name)
VALUES (201, 'SHOOTING'),
       (201, 'CLEAN_AND_BRIGHT'),
       (202, 'CEREMONY'),
       (203, 'DIRECTOR_OR_CEO'),
       (204, 'CLEAN_AND_BRIGHT'),
       (205, 'CONTOUR_AND_SHADOW'),
       (206, 'FRUITY_TONE'),
       (207, 'SHOOTING_AND_CEREMONY'),
       (208, 'TEAM_LEADER_OR_DESIGNER'),
       (209, 'CEREMONY'),
       (210, 'DEPUTY_DIRECTOR');
INSERT INTO product (id, address, available_times, average_rating, category, created_at, detail,
                     is_deleted, name, owner_id, price, region, star_count, updated_at,
                     product_type)
VALUES (401, '서울 강남구 역삼동 123', '09:00~22:00', 4.5, 'WEDDING_HALL', NOW(), '럭셔리 웨딩홀', false,
        '로맨틱가든홀', 5, 8000000, 'SEOUL', 5.0, NOW(), 'WEDDING_HALL'),
       (402, '서울 송파구 잠실동 88', '10:00~21:00', 4.7, 'WEDDING_HALL', NOW(), '한강뷰 웨딩홀', false, '더리버홀',
        5, 9500000, 'SEOUL', 4.8, NOW(), 'WEDDING_HALL'),
       (403, '부산 해운대구 우동 45', '09:30~22:00', 4.6, 'WEDDING_HALL', NOW(), '오션뷰 웨딩홀', false, '마리나베이홀',
        5, 7000000, 'BUSAN', 4.9, NOW(), 'WEDDING_HALL'),
       (404, '대구 수성구 범어동 11', '09:00~23:00', 4.4, 'WEDDING_HALL', NOW(), '고급 인테리어', false, '벨라루체홀',
        5, 6500000, 'SEOUL', 4.5, NOW(), 'WEDDING_HALL'),
       (405, '대전 유성구 봉명동 33', '10:00~21:00', 4.3, 'WEDDING_HALL', NOW(), '클래식 스타일 웨딩홀', false,
        '그레이스홀', 5, 6000000, 'SEOUL', 4.6, NOW(), 'WEDDING_HALL'),
       (406, '인천 남동구 구월동 66', '09:00~22:00', 4.2, 'WEDDING_HALL', NOW(), '모던 웨딩홀', false, '블랑로즈홀',
        5, 5800000, 'SEOUL', 4.4, NOW(), 'WEDDING_HALL'),
       (407, '광주 북구 신안동 77', '09:30~21:30', 4.1, 'WEDDING_HALL', NOW(), '야외정원 포함', false, '가든브리즈홀',
        5, 6300000, 'SEOUL', 4.5, NOW(), 'WEDDING_HALL'),
       (408, '울산 남구 삼산동 22', '10:00~22:00', 4.0, 'WEDDING_HALL', NOW(), '심플 웨딩 콘셉트', false,
        '에델바이스홀', 5, 5500000, 'SEOUL', 4.3, NOW(), 'WEDDING_HALL'),
       (409, '경기 성남시 분당구 99', '09:00~21:00', 4.8, 'WEDDING_HALL', NOW(), '대형 웨딩 전문홀', false, '라움홀',
        5, 11000000, 'SEOUL', 4.9, NOW(), 'WEDDING_HALL'),
       (410, '제주 제주시 애월읍 55', '09:00~22:00', 4.9, 'WEDDING_HALL', NOW(), '자연 속 웨딩홀', false,
        '제주하모니홀', '11', 9000000, 'SEOUL', 5.0, NOW(), 'WEDDING_HALL'),
       (411, '제주 제주시 애월읍 55', '09:00~22:00', 4.9, 'WEDDING_HALL', NOW(), '자연 속 웨딩홀', false,
        '제주하모니홀', 11, 9000000, 'SEOUL', 5.0, NOW(), 'WEDDING_HALL');

-- wedding_hall 테이블에 상세 컬럼 삽입 (subway_accessible, dining_available 추가)
INSERT INTO wedding_hall (id,
                          capacity,
                          min_guest,
                          max_guest,
                          parking_capacity,
                          catering_type,
                          reservation_policy)
VALUES (401, 300, 50, 500, 100, '뷔페', '예약 후 7일 내 계약금 10%'),
       (402, 250, 40, 400, 80, '코스식', '계약 후 취소 시 위약금 20%'),
       (403, 350, 60, 600, 120, '뷔페', '날짜 변경은 1회 가능'),
       (404, 200, 30, 300, 50, '한식', '3개월 전 취소 시 전액 환불'),
       (405, 280, 40, 500, 70, '뷔페', '예약금 환불 불가'),
       (406, 220, 30, 350, 60, '코스식', '예식 2주 전 변경 불가'),
       (407, 260, 40, 450, 75, '뷔페', '야외 예식은 날씨에 따라 조정'),
       (408, 180, 20, 300, 40, '코스식', '예약금 10% 선입금'),
       (409, 500, 100, 800, 150, '뷔페', 'VIP룸 제공, 일정 조율 가능'),
       (410, 320, 60, 550, 90, '한식', '자연 속 예식장으로 일정 조정 가능'),
       (411, 320, 60, 550, 90, '한식', '자연 속 예식장으로 일정 조정 가능');



INSERT INTO tags (product_id, name)
VALUES (401, 'GENERAL'),
       (402, 'CONVENTION'),
       (403, 'HOTEL'),
       (404, 'HOUSE'),
       (405, 'RESTAURANT'),
       (406, 'HANOK'),
       (407, 'CHURCH'),
       (408, 'CHAPEL'),
       (409, 'SMALL'),
       (410, 'OUTDOOR_GARDEN'),
       (410, 'OUTDOOR_GARDEN');


-- 1. APPROVE (승인된 예약) - 웨딩드레스 A라인 세트 (121)
INSERT INTO reservation (owner_id, customer_id, product_id, status, reservation_time, title,
                         content, created_at, updated_at)
VALUES (11,
        1,
        121,
        'APPROVE',
        '2025-11-18',
        '본식용 A라인 드레스 대여 예약',
        '2025년 11월 20일 본식에 사용할 A라인 드레스 세트 예약합니다. 피팅은 11월 15일 오후 2시 희망.',
        NOW(),
        NOW()),
       (11,
        1,
        122,
        'PENDING',
        '2025-11-16',
        '스튜디오 스냅 촬영 예약 요청',
        '자연광 감성 스튜디오에서 웨딩 스냅 촬영 원합니다. 11월 16일 오전 10시 가능 여부 확인 부탁드립니다.',
        NOW(),
        NOW()),
       (11,
        1,
        311,
        'DENY',
        '2025-11-19',
        '클래식 메이크업 예약 (거절됨)',
        '본식 당일 메이크업 예약 시도했으나, 해당 일정은 이미 예약 완료되어 거절되었습니다.',
        NOW(),
        NOW()),
       (11,
        1,
        121,
        'APPROVE',
        '2025-11-15',
        '피팅 및 최종 드레스 확정',
        'A라인 드레스 피팅 후 최종 확정. 사이즈 조정 필요 시 말씀 부탁드립니다.',
        NOW(),
        NOW()),
       (11,
        1,
        122,
        'PENDING',
        '2025-11-16',
        '스튜디오 촬영 시간 조정 요청',
        '오전 10시 불가 시 오후 1시로 조정 가능 여부 확인 부탁드립니다.',
        NOW(),
        NOW());